{"1727771797.48108": 1, "1727771799.955552": 1, "1727771803.52051": 1, "1727771805.462666": 1, "1727771808.433001": 1}
{"1727856416.943098": 1, "1727856417.007903": 1, "1727856417.462809": 1, "1727856417.516143": 1, "1727856417.976762": 1, "1727856418.021162": 1, "1727856418.481219": 1}
{}
{"1727906731.059023": 13, "1727906731.075744": 13, "1727906732.258109": 13, "1727906732.275219": 13, "1727906733.54619": 13, "1727906733.563258": 13, "1727906734.814516": 14, "1727906734.830827": 14, "1727906736.084013": 14, "1727906736.101707": 14, "1727906737.184987": 14, "1727906737.201615": 14, "1727906738.288296": 12, "1727906738.303659": 12, "1727906739.40109": 12, "1727906739.417025": 12, "1727906740.489474": 12, "1727906740.505078": 12, "1727906741.593987": 12, "1727906741.626472": 12, "1727906742.709277": 12, "1727906742.726422": 12, "1727906743.882226": 12, "1727906743.898323": 12, "1727906744.976209": 12, "1727906744.992673": 12, "1727906746.010964": 12, "1727906746.027416": 12, "1727906747.091345": 11, "1727906747.108332": 11, "1727906748.173366": 11, "1727906748.189708": 11, "1727906749.317078": 12, "1727906749.334573": 12, "1727906750.489002": 12, "1727906750.505012": 12, "1727906751.88981": 14, "1727906751.90773": 14, "1727906753.096072": 14, "1727906753.112825": 14, "1727906754.324567": 14, "1727906754.34206": 14, "1727906755.489095": 14, "1727906755.506204": 14, "1727906756.588147": 13, "1727906756.60576": 13, "1727906757.681529": 11, "1727906757.698101": 11, "1727906758.860628": 12, "1727906758.877": 12, "1727906759.973441": 12, "1727906759.990624": 12, "1727906761.070588": 11, "1727906761.087444": 11, "1727906762.154307": 11, "1727906762.171032": 11, "1727906763.239567": 12, "1727906763.256909": 12, "1727906764.325313": 12, "1727906764.342698": 12, "1727906765.411591": 12, "1727906765.428444": 12, "1727906766.503636": 12, "1727906766.518822": 12, "1727906767.585899": 12, "1727906767.600088": 12, "1727906768.667636": 12, "1727906768.682852": 12, "1727906769.811675": 13, "1727906769.829226": 13, "1727906770.988974": 13, "1727906771.003396": 13}
{"1727916861.773062": 1, "1727916861.847894": 1, "1727916862.30593": 1, "1727916862.374858": 1, "1727916862.91112": 1, "1727916862.979002": 1, "1727916863.494987": 1, "1727916863.544619": 1, "1727916864.066713": 2, "1727916864.1154": 2, "1727916864.63544": 2, "1727916864.704847": 2, "1727916865.217115": 2, "1727916865.291322": 2, "1727916865.81033": 2}
{"1727924933.842536": 1, "1727924933.855848": 1, "1727924934.279771": 1, "1727924934.293112": 1, "1727924934.748962": 1, "1727924934.761966": 1, "1727924935.218981": 1, "1727924935.233075": 1, "1727924935.692489": 2, "1727924935.704712": 2, "1727924936.222899": 2, "1727924936.237616": 2, "1727924936.762016": 2, "1727924936.777206": 2, "1727924937.295481": 2, "1727924937.310687": 2, "1727924937.769946": 2, "1727924937.784829": 2, "1727924938.302855": 2, "1727924938.317462": 2, "1727924938.903466": 2, "1727924938.916362": 2, "1727924939.392922": 2, "1727924939.407515": 2, "1727924939.871563": 2, "1727924939.88641": 2, "1727924940.345595": 2, "1727924940.359722": 2, "1727924940.935859": 2, "1727924940.950922": 2, "1727924941.597962": 2, "1727924941.61305": 2, "1727924942.190744": 3, "1727924942.203946": 3, "1727924942.916393": 3, "1727924942.930675": 3, "1727924943.511855": 3, "1727924943.52717": 3, "1727924944.109434": 3, "1727924944.124206": 3, "1727924944.760515": 3, "1727924944.776621": 3, "1727924945.414668": 4, "1727924945.429632": 4, "1727924946.067283": 5, "1727924946.080758": 5, "1727924946.719364": 4, "1727924946.735818": 4, "1727924947.375045": 4, "1727924947.388323": 4, "1727924948.022542": 4, "1727924948.036081": 4, "1727924948.615334": 3, "1727924948.630167": 3, "1727924949.213933": 4, "1727924949.227985": 4, "1727924949.697219": 3, "1727924949.709927": 3, "1727924950.195294": 2, "1727924950.208636": 2, "1727924950.611805": 2, "1727924950.623902": 2, "1727924951.601214": 1, "1727924951.614877": 1, "1727924952.425528": 2, "1727924952.4385": 2, "1727924953.190696": 1, "1727924953.202673": 1, "1727924954.572773": 2, "1727924954.585094": 2, "1727924955.120008": 3, "1727924955.132572": 3, "1727924955.671518": 3, "1727924955.68359": 3, "1727924956.207616": 2, "1727924956.220201": 2, "1727924956.699304": 2, "1727924956.711709": 2, "1727924957.17156": 3, "1727924957.184473": 3, "1727924957.593882": 2, "1727924957.605681": 2, "1727924958.147041": 2, "1727924958.160678": 2, "1727924958.569434": 2, "1727924958.582039": 2, "1727924959.441506": 1, "1727924959.455709": 1, "1727924960.785548": 1, "1727924960.798644": 1, "1727924961.267421": 2, "1727924961.278647": 2, "1727924961.797483": 2, "1727924961.810209": 2, "1727924962.340511": 3, "1727924962.35343": 3, "1727924962.878927": 3, "1727924962.891219": 3, "1727924963.548596": 3, "1727924963.559568": 3, "1727924964.146088": 3, "1727924964.15925": 3, "1727924964.744237": 4, "1727924964.757006": 4, "1727924965.349379": 4, "1727924965.361967": 4, "1727924965.959938": 4, "1727924965.972305": 4, "1727924966.557956": 3, "1727924966.569952": 3, "1727924966.966465": 3, "1727924966.977974": 3, "1727924967.380812": 1, "1727924967.393809": 1, "1727924967.788818": 1, "1727924967.800709": 1, "1727924968.256056": 2, "1727924968.268858": 2, "1727924968.672827": 2, "1727924968.686204": 2, "1727924969.090176": 1, "1727924969.104843": 1, "1727924969.581155": 2, "1727924969.5963": 2, "1727924970.13263": 2, "1727924970.145748": 2, "1727924970.733135": 1, "1727924970.746916": 1, "1727924971.272799": 2, "1727924971.286678": 2, "1727924971.815328": 3, "1727924971.831676": 3, "1727924972.241073": 2, "1727924972.256005": 2, "1727924972.814382": 2, "1727924972.828527": 2, "1727924973.382165": 2, "1727924973.394522": 2, "1727924974.047396": 4, "1727924974.061707": 4, "1727924974.804926": 5, "1727924974.819879": 5, "1727924975.491484": 5, "1727924975.505767": 5, "1727924976.227157": 5, "1727924976.241378": 5, "1727924976.947852": 5, "1727924976.961042": 5, "1727924977.668615": 5, "1727924977.682442": 5, "1727924978.327138": 5, "1727924978.340204": 5, "1727924978.988029": 7, "1727924979.002329": 7, "1727924979.600178": 5, "1727924979.613192": 5, "1727924980.135396": 3, "1727924980.149902": 3, "1727924980.684318": 3, "1727924980.69726": 3, "1727924981.233986": 3, "1727924981.247075": 3, "1727924981.772092": 3, "1727924981.785655": 3, "1727924982.248315": 2, "1727924982.260842": 2, "1727924982.899079": 2, "1727924982.912592": 2, "1727924983.383321": 3, "1727924983.398679": 3, "1727924983.868282": 2, "1727924983.882": 2, "1727924984.293814": 1, "1727924984.309878": 1, "1727924985.069195": 2, "1727924985.082544": 2, "1727924985.560419": 2, "1727924985.57449": 2, "1727924986.206811": 3, "1727924986.223072": 3, "1727924986.714726": 4, "1727924986.727811": 4, "1727924987.334241": 4, "1727924987.348885": 4, "1727924987.904115": 4, "1727924987.917126": 4, "1727924988.505611": 4, "1727924988.599808": 4, "1727924989.2255": 5, "1727924989.238378": 5, "1727924990.044423": 4, "1727924990.065779": 4, "1727924990.657001": 4, "1727924990.669116": 4, "1727924991.254089": 4, "1727924991.26742": 4, "1727924991.850409": 4, "1727924991.861838": 4, "1727924992.547537": 5, "1727924992.558795": 5, "1727924993.085714": 4, "1727924993.0995": 4, "1727924993.631821": 4, "1727924993.64405": 4, "1727924994.179498": 3, "1727924994.192014": 3, "1727924994.724623": 3, "1727924994.737847": 3, "1727924995.341728": 4, "1727924995.352276": 4, "1727924995.942991": 4, "1727924995.953527": 4, "1727924996.597529": 4, "1727924996.608255": 4, "1727924997.269412": 4, "1727924997.280291": 4, "1727924998.024081": 5, "1727924998.035981": 5, "1727924998.700201": 5, "1727924998.713347": 5, "1727924999.355342": 5, "1727924999.366942": 5, "1727925000.024681": 5, "1727925000.036241": 5, "1727925000.683413": 5, "1727925000.694692": 5, "1727925001.340518": 5, "1727925001.351545": 5, "1727925001.936837": 5, "1727925001.951268": 5, "1727925002.602548": 5, "1727925002.615837": 5,